day,xnet_burned,burn_transactions
2025-12-31,9750.08894286,1
2026-01-01,95082.04820404,1
2026-01-02,9016.85814256,1
2026-01-03,8567.20004192,1
2026-01-04,8637.54728032,1
2026-01-05,7938.47557687,1
2026-01-06,7219.89335326,1
2026-01-07,6967.42880802,1
2026-01-08,5735.2046948,1
2026-01-09,5988.65257781,1
2026-01-10,6164.21975078,1
2026-01-11,6394.10819847,1
2026-01-12,0,0
2026-01-13,5760.62427774,1
2026-01-14,6632.85623819,1
2026-01-15,5831.41088631,1
2026-01-16,0,0
2026-01-17,5511.209607,1
2026-01-18,5497.16044773,1
2026-01-19,5947.33821173,1
2026-01-20,6668.96718912,1
2026-01-21,6626.90461115,1
2026-01-22,6390.33365093,1
2026-01-23,0,0
2026-01-24,9478.99827493,1
2026-01-25,9477.7409743,1
2026-01-26,9700.9112151,1
2026-01-27,9620.8172275,1
2026-01-28,9249.86292223,1
2026-01-29,0,0
2026-01-30,0,0
2026-01-31,0,0
2026-02-01,0,0
2026-02-02,0,0
2026-02-03,0,0
2026-02-04,0,0
2026-02-05,0,0
2026-02-06,0,0
2026-02-07,0,0
2026-02-08,8598.9660827,1
2026-02-09,8805.51012565,1
2026-02-10,8662.16980018,1
2026-02-11,9007.32431063,1
2026-02-12,9190.88430064,1
2026-02-13,9635.39181883,1
2026-02-14,9903.43295237,1
2026-02-15,8518.14623101,1
2026-02-16,8703.70688105,1
2026-02-17,8051.69983761,1
2026-02-18,7635.34178187,1
2026-02-19,7842.00134119,1
2026-02-20,7408.59705269,1
2026-02-21,0,0
2026-02-22,9231.26518764,1
2026-02-23,9176.45943968,1
2026-02-24,9241.51875222,1
2026-02-25,7919.29445884,1
2026-02-26,8766.33490749,1
2026-02-27,9279.37668186,1
2026-02-28,9390.89430109,1
2026-03-01,8917.96865871,1
2026-03-02,8444.9162749,1
2026-03-03,8977.84227305,1
2026-03-04,8964.03278239,1
2026-03-05,9498.21869063,1
2026-03-06,9435.11616501,1
2026-03-07,9281.23177093,1
2026-03-08,9886.66340376,1
2026-03-09,9505.03083394,1
2026-03-10,10540.45465471,1
2026-03-11,10696.59708074,1
2026-03-12,10434.92188517,1
2026-03-13,10792.86536858,1
2026-03-14,10893.86099489,1
2026-03-15,10468.91666191,1
2026-03-16,9676.33106619,1
2026-03-17,10895.58548115,1
2026-03-18,11329.25304637,1
2026-03-19,11116.02452468,1
2026-03-20,11606.10236162,1
2026-03-21,11806.02795162,1
2026-03-22,12699.24914745,1
2026-03-23,12238.85804935,1
2026-03-24,0,0
2026-03-25,0,0
2026-03-26,0,0
2026-03-27,0,0
2026-03-28,0,0
2026-03-29,0,0
2026-03-30,0,0
2026-03-31,0,0
2026-04-01,0,0
2026-04-02,38.39939607,1
2026-04-03,39.24669256,1
2026-04-04,38.76441251,1
2026-04-05,43.8113423,1
2026-04-06,49.65674705,1
2026-04-07,50.42191253,1
2026-04-08,42.59204823,1
2026-04-09,7260.33250697,1
2026-04-10,6822.29503487,1
2026-04-11,7221.95040757,1
2026-04-12,7302.89058516,1
2026-04-13,7293.03171023,1
2026-04-14,7567.18536813,1
2026-04-15,7973.49414382,1
2026-04-16,9453.98616546,1
2026-04-17,8775.73137239,1
2026-04-18,8411.53173126,1
2026-04-19,8731.79932806,1
2026-04-20,8283.44102979,1
2026-04-21,8170.0697393,1
2026-04-22,44927.40405488,1
2026-04-23,43916.53754599,1
2026-04-24,43958.36363843,1
2026-04-25,40764.19106946,1
2026-04-26,0,0
2026-04-27,0,0
2026-04-28,0,0
2026-04-29,0,0
2026-04-30,0,0
2026-05-01,7179.94359173,1
2026-05-02,508.86755008,1
2026-05-03,556.12262591,1
2026-05-04,653.74941411,1
2026-05-05,733.84964107,1
2026-05-06,879.49057677,1
2026-05-07,10946.97211684,1
2026-05-08,11086.96675285,1
2026-05-09,9430.97665137,1
2026-05-10,10895.96266488,1
2026-05-11,11046.94608609,1
2026-05-12,10341.73866494,1
2026-05-13,11248.84464035,1
2026-05-14,11701.96987086,1
2026-05-15,0,0
2026-05-16,25776.62308197,1
2026-05-17,44432.34804369,1
2026-05-18,45398.05436848,1
2026-05-19,44390.02641903,1
2026-05-20,46009.62532222,1
2026-05-21,0,0
2026-05-22,0,0
2026-05-23,0,0
2026-05-24,19938.95641101,1
2026-05-25,20138.48027271,1
2026-05-26,19920.73633037,1
2026-05-27,20603.94715296,1
2026-05-28,21366.41355254,1
2026-05-29,22027.04913481,1
2026-05-30,24390.51316954,1
2026-05-31,24986.14655138,1
2026-06-01,25667.61324013,1
2026-06-02,27433.90686215,1
2026-06-03,27867.43194039,1
2026-06-04,25002.26009381,1
2026-06-05,28008.27758752,1
2026-06-06,28583.99150462,1
2026-06-07,26678.96145287,1
2026-06-08,27417.37908467,1
2026-06-09,29182.82022982,1
2026-06-10,29585.56753072,1
2026-06-11,28355.36300846,1
2026-06-12,28386.10649647,1
2026-06-13,30283.31840373,1
2026-06-14,31694.0595157,1
2026-06-15,34930.13265732,1
2026-06-16,34455.65713051,1
2026-06-17,32537.11449744,1
2026-06-18,33019.83481706,1
2026-06-19,31934.59146049,1
2026-06-20,33062.80044385,1
2026-06-21,35690.04046818,1
2026-06-22,39762.13737975,1
2026-06-23,40893.20495335,1
2026-06-24,43693.33640027,1
2026-06-25,42566.34417771,1
2026-06-26,35633.31749591,1
2026-06-27,30919.59484563,1
2026-06-28,24980.15332031,1
2026-06-29,24334.63504134,1
2026-06-30,26667.691188,1
2026-07-01,43693.87981733,1
2026-07-02,44677.27854531,1
2026-07-03,47930.39476056,1
2026-07-04,49976.38013412,1
2026-07-05,49916.62567718,1
2026-07-06,47893.65813646,1
2026-07-07,53721.53171038,1
2026-07-08,54053.05958329,1
2026-07-09,55150.8643017,1
2026-07-10,60263.87324634,1
2026-07-11,54599.95222129,1
2026-07-12,56938.78910027,1
2026-07-13,68542.84450452,1
2026-07-14,105050.92163775,1
2026-07-15,89175.82883866,1
2026-07-16,82484.61712555,1
2026-07-17,75347.42375546,1
2026-07-18,91212.20155798,1
2026-07-19,82816.38313376,1
2026-07-20,94809.96300091,1
2026-07-21,92107.14032966,1
2026-07-22,90350.63519458,1
2026-07-23,99322.09918852,1
2026-07-24,109803.20533064,1
2026-07-25,109937.01840552,1
2026-07-26,103336.91635566,1
2026-07-27,108673.69269673,1
2026-07-28,121867.69825841,1
2026-07-29,113788.03790093,1
2026-07-30,118195.47015206,1
2026-07-31,122135.48347974,1
2026-08-01,113381.10806939,1
2026-08-02,109496.21621038,1
2026-08-03,124929.86624424,1
2026-08-04,109122.00394503,1
2026-08-05,109107.57095103,1
2026-08-06,116905.7232725,1
2026-08-07,109143.06026009,1
2026-08-08,416387.12683149,1
2026-08-09,103002.27669757,1
2026-08-10,101785.19201181,1
2026-08-11,116686.46364528,1
2026-08-12,126341.59958334,1
2026-08-13,136152.9454246,1
2026-08-14,119341.37955115,1
2026-08-15,126504.15495205,1
2026-08-16,136349.84143163,1
2026-08-17,138598.26041459,1
2026-08-18,135356.38027683,1
2026-08-19,138573.38816928,1
2026-08-20,134489.29604286,1
2026-08-21,138818.55053443,1
2026-08-22,0,0
2026-08-23,0,0
2026-08-24,0,0
2026-08-25,0,0
2026-08-26,0,0
2026-08-27,0,0
2026-08-28,0,0
2026-08-29,0,0
2026-08-30,0,0
2026-08-31,0,0
2026-09-01,0,0
2026-09-02,0,0
2026-09-03,0,0
2026-09-04,0,0
2026-09-05,0,0
2026-09-06,0,0
2026-09-07,0,0
2026-09-08,0,0
2026-09-09,0,0
2026-09-10,0,0
2026-09-11,0,0
2026-09-12,0,0
2026-09-13,0,0
2026-09-14,0,0
2026-09-15,0,0
2026-09-16,0,0
2026-09-17,0,0
2026-09-18,0,0
2026-09-19,0,0
2026-09-20,0,0
2026-09-21,0,0
2026-09-22,0,0
2026-09-23,0,0
2026-09-24,0,0
2026-09-25,0,0
2026-09-26,0,0
2026-09-27,0,0
2026-09-28,0,0
2026-09-29,0,0
2026-09-30,0,0
2026-10-01,0,0
