tx_id,block_date,block_time,block_slot,trader_id,economic_side,gross_xnet_bought,gross_xnet_sold,net_xnet_change,trade_value_usd,primary_project,trade_source,project_main_id,quote_symbol,quote_mint,decoded_xnet_leg_count
5cKoNuA3E2cs2jCwG6ELpNPqHVeahzns1eCPLkSR7ApKg1d4A3aJoSz9mNhBFF7g5sBscT9ePpAeKsoeDAWYd3pg,2026-09-28,2026-09-28 16:25:46.000 UTC,451372136,5QsyByFVJcg7oN76Ma26KEDFQdHt1tsiVExK94zURzfd,BUY_XNET,5176.0640153000004,0,5176.0640153000004,10.187672609519998,whirlpool,proVF4pMXVaYqmy4NjniPh4pqKNfMmsihgd4wdkCX3u,whirLbMiicVdio4qvUfM5KAg6Ct8VwpYzGff3uctyCc,WSOL,So11111111111111111111111111111111111111112,1
4AFwjMXUJt16QTnJJCJjzEmbbQVJMSfVKJ7rRitNYN1GkQh9tKAA1d7dfo38GJQQEUwKAerQwRABNF1Skv9oqcm4,2026-10-02,2026-10-02 15:35:06.000 UTC,452652187,5QsyByFVJcg7oN76Ma26KEDFQdHt1tsiVExK94zURzfd,BUY_XNET,71653.30811379,0,71653.30811379,111.70710526976,whirlpool,JUP6LkbZbjS1jKKwapdHNy74zcZ3tLUZoi5QNyVTaV4,whirLbMiicVdio4qvUfM5KAg6Ct8VwpYzGff3uctyCc,WSOL,So11111111111111111111111111111111111111112,1
2d3Kmy3ynTBJyrbde6bKLvKZfiYMK44D8djBSLnZ5mSArhKpppK2VL3iGVku2kRbS3F3d1RrD5PE6LGxZy7DxcmH,2026-10-02,2026-10-02 15:37:08.000 UTC,452652643,5QsyByFVJcg7oN76Ma26KEDFQdHt1tsiVExK94zURzfd,BUY_XNET,11929.98575438,0,11929.98575438,18.6074724935,whirlpool,JUP6LkbZbjS1jKKwapdHNy74zcZ3tLUZoi5QNyVTaV4,whirLbMiicVdio4qvUfM5KAg6Ct8VwpYzGff3uctyCc,WSOL,So11111111111111111111111111111111111111112,1
3QhpbBmF9oZhZVH5dQbxEfTfginJCRQRtYNicvfAC54EBVJCN4vvSkRoVWkKrXnhDcfgiAg4EgMiVFAdFki7MmzL,2026-10-02,2026-10-02 17:57:39.000 UTC,452684103,5QsyByFVJcg7oN76Ma26KEDFQdHt1tsiVExK94zURzfd,BUY_XNET,71968.30500527,0,71968.30500527,111.63775740000001,whirlpool,JUP6LkbZbjS1jKKwapdHNy74zcZ3tLUZoi5QNyVTaV4,whirLbMiicVdio4qvUfM5KAg6Ct8VwpYzGff3uctyCc,WSOL,So11111111111111111111111111111111111111112,1
kySndD9r9Lkr8HqPHTYeo1U5MfK2vNwk4SurWEDSccFCL3hd7tX9xsJwjiGNd2WAkZQyo3Y4ePRC654ah8BtrWW,2026-10-02,2026-10-02 17:58:03.000 UTC,452684196,5QsyByFVJcg7oN76Ma26KEDFQdHt1tsiVExK94zURzfd,BUY_XNET,11761.16149433,0,11761.16149433,18.60900899172,whirlpool,JUP6LkbZbjS1jKKwapdHNy74zcZ3tLUZoi5QNyVTaV4,whirLbMiicVdio4qvUfM5KAg6Ct8VwpYzGff3uctyCc,WSOL,So11111111111111111111111111111111111111112,1
TFk7ujdDvQbtfiSwZhTrX1kEJ4L7NwZ66Y1RBsL1twL8ebnpg6T7CY3roRvwmKRoeN8x9ciVatyrXKjonAaZX9C,2026-10-02,2026-10-02 21:07:35.000 UTC,452726491,5QsyByFVJcg7oN76Ma26KEDFQdHt1tsiVExK94zURzfd,BUY_XNET,72224.57031713,0,72224.57031713,111.61888627,whirlpool,JUP6LkbZbjS1jKKwapdHNy74zcZ3tLUZoi5QNyVTaV4,whirLbMiicVdio4qvUfM5KAg6Ct8VwpYzGff3uctyCc,WSOL,So11111111111111111111111111111111111111112,1
3NV8aLB625u7zfu6DTKTux9AP8nQaVJdgbLsSpZKtUgigwyP9ji5enbe5yBSuh65SDpDXRPgrR9Ekie7gMQYRKXV,2026-10-02,2026-10-02 21:22:58.000 UTC,452729936,5QsyByFVJcg7oN76Ma26KEDFQdHt1tsiVExK94zURzfd,BUY_XNET,12016.9326169,0,12016.9326169,18.61269316824,whirlpool,JUP6LkbZbjS1jKKwapdHNy74zcZ3tLUZoi5QNyVTaV4,whirLbMiicVdio4qvUfM5KAg6Ct8VwpYzGff3uctyCc,WSOL,So11111111111111111111111111111111111111112,1
KvcnPYffyHRdX78sexcrrmRu3W5xVBeVaYtd4McArE9BENKdSaeF6dizq24TGPqcH7qFbdAjzNDNYsAgcpGNPPX,2026-10-03,2026-10-03 09:29:50.000 UTC,452893376,5QsyByFVJcg7oN76Ma26KEDFQdHt1tsiVExK94zURzfd,BUY_XNET,86316.47473024,0,86316.47473024,134.44253814702998,whirlpool,JUP6LkbZbjS1jKKwapdHNy74zcZ3tLUZoi5QNyVTaV4,whirLbMiicVdio4qvUfM5KAg6Ct8VwpYzGff3uctyCc,WSOL,So11111111111111111111111111111111111111112,1
61Q6LogypXG44yxeKPAG5quWQrm1BknUAewrEw9QAdgVSrTz1Ka3mWcLBdqTB1x2WKPm5PsWAwCT4YKtNQePydZx,2026-10-03,2026-10-03 09:56:30.000 UTC,452899359,5QsyByFVJcg7oN76Ma26KEDFQdHt1tsiVExK94zURzfd,BUY_XNET,14339.3017897,0,14339.3017897,22.394771718909997,whirlpool,JUP6LkbZbjS1jKKwapdHNy74zcZ3tLUZoi5QNyVTaV4,whirLbMiicVdio4qvUfM5KAg6Ct8VwpYzGff3uctyCc,WSOL,So11111111111111111111111111111111111111112,1
PVRbE48UcTtwtVx4FZKVGUM2sk1cTndiFQiRzqjwcaMFRHs7jurYqrrjoyB4mYukiMwVNnSWWFCVcvHcqXAB7Sa,2026-10-03,2026-10-03 12:32:15.000 UTC,452934352,5QsyByFVJcg7oN76Ma26KEDFQdHt1tsiVExK94zURzfd,BUY_XNET,85818.82374259,0,85818.82374259,134.50540730080002,whirlpool,JUP6LkbZbjS1jKKwapdHNy74zcZ3tLUZoi5QNyVTaV4,whirLbMiicVdio4qvUfM5KAg6Ct8VwpYzGff3uctyCc,WSOL,So11111111111111111111111111111111111111112,1
2DtTjFaesoeVkeFfiNMtQ6WZyaqWdVBuwUzwzY8RWdE3N6WTMrPAEoTAVy3MYBK1CWPjnjR8GcXqgDXKeLnabB4z,2026-10-03,2026-10-03 12:45:47.000 UTC,452937397,5QsyByFVJcg7oN76Ma26KEDFQdHt1tsiVExK94zURzfd,BUY_XNET,14286.79943033,0,14286.79943033,22.396940811180002,whirlpool,JUP6LkbZbjS1jKKwapdHNy74zcZ3tLUZoi5QNyVTaV4,whirLbMiicVdio4qvUfM5KAg6Ct8VwpYzGff3uctyCc,WSOL,So11111111111111111111111111111111111111112,1
G9DDbL44oqmVkc9M38wNKimXn4hD3yondP6Ks83MoftSdv5XUD4DEuA5FwhxSFegg5VYQK3vk6t29WmtbZ46NmZ,2026-10-03,2026-10-03 16:12:02.000 UTC,452983752,5QsyByFVJcg7oN76Ma26KEDFQdHt1tsiVExK94zURzfd,BUY_XNET,85380.33076363,0,85380.33076363,134.41384191082,whirlpool,JUP6LkbZbjS1jKKwapdHNy74zcZ3tLUZoi5QNyVTaV4,whirLbMiicVdio4qvUfM5KAg6Ct8VwpYzGff3uctyCc,WSOL,So11111111111111111111111111111111111111112,1
5eH1zwWj5w5mbfugX6cqUJzkNDShYtzhXnSMEVooEN8fvyge2t1Axf17BRn9YymNyGsGjCwkUQjUsc6hCiYTq51s,2026-10-03,2026-10-03 16:12:26.000 UTC,452983842,5QsyByFVJcg7oN76Ma26KEDFQdHt1tsiVExK94zURzfd,BUY_XNET,14201.70513289,0,14201.70513289,22.40334134612,whirlpool,JUP6LkbZbjS1jKKwapdHNy74zcZ3tLUZoi5QNyVTaV4,whirLbMiicVdio4qvUfM5KAg6Ct8VwpYzGff3uctyCc,WSOL,So11111111111111111111111111111111111111112,1
3SMsQ7USHLaabhKnxQckCHaENaj9XBtb8AsgYvi5TunJHUjmsxcs8v8fNkynKM3RBCPGf3iu7u1vgj2K8CE6y4Yj,2026-10-04,2026-10-04 09:31:15.000 UTC,453216754,5QsyByFVJcg7oN76Ma26KEDFQdHt1tsiVExK94zURzfd,BUY_XNET,84174.89026862,0,84174.89026862,134.47090119456,whirlpool,JUP6LkbZbjS1jKKwapdHNy74zcZ3tLUZoi5QNyVTaV4,whirLbMiicVdio4qvUfM5KAg6Ct8VwpYzGff3uctyCc,WSOL,So11111111111111111111111111111111111111112,1
5kZyT3L5eASWPDofmoXHFstpYo4L4JH81ELozVSsLUXHBGZLQVcX5f5Yzy38pyASwBHNcRYsbCWgYT7LXf6Dv8G5,2026-10-04,2026-10-04 09:46:36.000 UTC,453220179,5QsyByFVJcg7oN76Ma26KEDFQdHt1tsiVExK94zURzfd,BUY_XNET,13988.04349751,0,13988.04349751,22.37975003677,whirlpool,JUP6LkbZbjS1jKKwapdHNy74zcZ3tLUZoi5QNyVTaV4,whirLbMiicVdio4qvUfM5KAg6Ct8VwpYzGff3uctyCc,WSOL,So11111111111111111111111111111111111111112,1
5MMLJqVswBEnhZWwbV6JUARu5hFyPaHsCvpy6hCagqrnKU8q3reN6m6QaM1Dg3YGohWg1rok2VczNBicAUnKeuo7,2026-10-04,2026-10-04 13:11:50.000 UTC,453266300,5QsyByFVJcg7oN76Ma26KEDFQdHt1tsiVExK94zURzfd,BUY_XNET,83755.608254670005,0,83755.608254670005,134.38588108008,whirlpool,JUP6LkbZbjS1jKKwapdHNy74zcZ3tLUZoi5QNyVTaV4,whirLbMiicVdio4qvUfM5KAg6Ct8VwpYzGff3uctyCc,WSOL,So11111111111111111111111111111111111111112,1
3ZwnyyN8UEGm7383ZZiqbWzpSKWqS4gzzozEZ27G411YeLtPeNc7B19exSh6yBvwMVdFL4EA6kGa6P2G4KuphJc9,2026-10-04,2026-10-04 13:12:19.000 UTC,453266409,5QsyByFVJcg7oN76Ma26KEDFQdHt1tsiVExK94zURzfd,BUY_XNET,13916.924162200001,0,13916.924162200001,22.390610771759999,whirlpool,JUP6LkbZbjS1jKKwapdHNy74zcZ3tLUZoi5QNyVTaV4,whirLbMiicVdio4qvUfM5KAg6Ct8VwpYzGff3uctyCc,WSOL,So11111111111111111111111111111111111111112,1
WefDEPgC6JQw9wQoJTtC3mWkCikwA2yp8XApsKZR1AMYAAJhgoUZ33fj34afu5YueTE72pwieFjE8ECqoLU8Axa,2026-10-04,2026-10-04 17:57:27.000 UTC,453330173,5QsyByFVJcg7oN76Ma26KEDFQdHt1tsiVExK94zURzfd,BUY_XNET,81637.68577122,0,81637.68577122,134.24764496963999,whirlpool,JUP6LkbZbjS1jKKwapdHNy74zcZ3tLUZoi5QNyVTaV4,whirLbMiicVdio4qvUfM5KAg6Ct8VwpYzGff3uctyCc,WSOL,So11111111111111111111111111111111111111112,1
FPX1Y4BgNhzGV45AYX2DnPx2BVrTLGBK8rWbhJWnBb8zy3riyTFpvwGYZvF3ZvuHD9M7CkdaBuPqrGze3UuryZX,2026-10-04,2026-10-04 17:57:53.000 UTC,453330273,5QsyByFVJcg7oN76Ma26KEDFQdHt1tsiVExK94zURzfd,BUY_XNET,13558.83413872,0,13558.83413872,22.40483373336,whirlpool,JUP6LkbZbjS1jKKwapdHNy74zcZ3tLUZoi5QNyVTaV4,whirLbMiicVdio4qvUfM5KAg6Ct8VwpYzGff3uctyCc,WSOL,So11111111111111111111111111111111111111112,1
5uGGKrQqFu1Lnpub4tYJRFhdEPgo2KTCeEuCooCzA8oSodDQ4vDbrk3fGH3e7tomKhedLPFWTbvMH8uWTZx2mhzt,2026-10-05,2026-10-05 14:53:35.000 UTC,453611814,5QsyByFVJcg7oN76Ma26KEDFQdHt1tsiVExK94zURzfd,BUY_XNET,83036.737900409993,0,83036.737900409993,134.56359704835,whirlpool,JUP6LkbZbjS1jKKwapdHNy74zcZ3tLUZoi5QNyVTaV4,whirLbMiicVdio4qvUfM5KAg6Ct8VwpYzGff3uctyCc,WSOL,So11111111111111111111111111111111111111112,1
3yJgiJSaF6aapR3CPE9mkqUUesJC2soWjnkYaAGbeLuRNkK2UwUqWKB9y38LyL1xmjV3mhUnGg1o6soK91tGyd78,2026-10-05,2026-10-05 15:06:45.000 UTC,453614697,5QsyByFVJcg7oN76Ma26KEDFQdHt1tsiVExK94zURzfd,BUY_XNET,13844.22074318,0,13844.22074318,22.38331554981,whirlpool,JUP6LkbZbjS1jKKwapdHNy74zcZ3tLUZoi5QNyVTaV4,whirLbMiicVdio4qvUfM5KAg6Ct8VwpYzGff3uctyCc,WSOL,So11111111111111111111111111111111111111112,1
66ZrK6LPEG8f3Q1SVmbxh7DSWeExzi7fWjCEUPQcbCFtdPBNApHRUf842HJacdXbyvj316WQetUxhMzS4yXKfcpn,2026-10-05,2026-10-05 17:15:07.000 UTC,453643329,5QsyByFVJcg7oN76Ma26KEDFQdHt1tsiVExK94zURzfd,BUY_XNET,82801.245148789996,0,82801.245148789996,134.38948744878999,whirlpool,JUP6LkbZbjS1jKKwapdHNy74zcZ3tLUZoi5QNyVTaV4,whirLbMiicVdio4qvUfM5KAg6Ct8VwpYzGff3uctyCc,WSOL,So11111111111111111111111111111111111111112,1
3NrhtMFX1fzTGctfb1LWT7vdusLdWGUi9DR2UiEwak8wo5xoBejmeGfPcG6ak4FqWZJ6x5trj9x8EUTD4kfo3BLi,2026-10-05,2026-10-05 17:28:53.000 UTC,453646389,5QsyByFVJcg7oN76Ma26KEDFQdHt1tsiVExK94zURzfd,BUY_XNET,13731.968300549999,0,13731.968300549999,22.382849926070001,whirlpool,JUP6LkbZbjS1jKKwapdHNy74zcZ3tLUZoi5QNyVTaV4,whirLbMiicVdio4qvUfM5KAg6Ct8VwpYzGff3uctyCc,WSOL,So11111111111111111111111111111111111111112,1
ANS917H2cCQ2Uq7NwU4mWUgcf3aTz4rSv1z3XwLdBWTAAPCKzAKt3bSTDmmd7HpP3sncLGB3HTmtWYcbmaBksgt,2026-10-05,2026-10-05 20:47:24.000 UTC,453690724,5QsyByFVJcg7oN76Ma26KEDFQdHt1tsiVExK94zURzfd,BUY_XNET,81640.212219509995,0,81640.212219509995,134.27336734176001,whirlpool,JUP6LkbZbjS1jKKwapdHNy74zcZ3tLUZoi5QNyVTaV4,whirLbMiicVdio4qvUfM5KAg6Ct8VwpYzGff3uctyCc,WSOL,So11111111111111111111111111111111111111112,1
3u6vFJWRG5sqeHFoiNNWc9Yvd312Lwt8YQJuVzDrVARKbQ2mY4F7R1b5w4gB86G5id4oDxrsVvW3bAiMxNqJYznn,2026-10-05,2026-10-05 20:48:01.000 UTC,453690857,5QsyByFVJcg7oN76Ma26KEDFQdHt1tsiVExK94zURzfd,BUY_XNET,13566.276672620001,0,13566.276672620001,22.383422252319999,whirlpool,JUP6LkbZbjS1jKKwapdHNy74zcZ3tLUZoi5QNyVTaV4,whirLbMiicVdio4qvUfM5KAg6Ct8VwpYzGff3uctyCc,WSOL,So11111111111111111111111111111111111111112,1
4wisLam2D4t7hedFiaJbD6HveGSsr8exTRvyRDMxKFUJ5SHPYffk52JLBaeZry5AR8dPFEWWJSSXBoS1EZ6tzDMX,2026-10-06,2026-10-06 09:25:31.000 UTC,453860569,5QsyByFVJcg7oN76Ma26KEDFQdHt1tsiVExK94zURzfd,BUY_XNET,81618.02173494,0,81618.02173494,134.33477166144,whirlpool,JUP6LkbZbjS1jKKwapdHNy74zcZ3tLUZoi5QNyVTaV4,whirLbMiicVdio4qvUfM5KAg6Ct8VwpYzGff3uctyCc,WSOL,So11111111111111111111111111111111111111112,1
2pkjQh3A7vVuSyNTDBGNCedivebRwtpXWP3NVh84fqZub4B2gHcJ3Eb2WeZmxfnKB7zrsToy6NUt9K6XWwaFrBio,2026-10-06,2026-10-06 09:38:12.000 UTC,453863409,5QsyByFVJcg7oN76Ma26KEDFQdHt1tsiVExK94zURzfd,BUY_XNET,13667.60593989,0,13667.60593989,22.36484236873,whirlpool,JUP6LkbZbjS1jKKwapdHNy74zcZ3tLUZoi5QNyVTaV4,whirLbMiicVdio4qvUfM5KAg6Ct8VwpYzGff3uctyCc,WSOL,So11111111111111111111111111111111111111112,1
2rSJd6YGbZRqwHGCnEuLw6yExCCKVuBJGmTRBuhVTFSrdUZXce6U9igbgctxwKmJLT5y1KBFgmDMYNK9fLKRm5vK,2026-10-06,2026-10-06 12:22:21.000 UTC,453900337,5QsyByFVJcg7oN76Ma26KEDFQdHt1tsiVExK94zURzfd,BUY_XNET,81155.26975226,0,81155.26975226,134.4127382,whirlpool,JUP6LkbZbjS1jKKwapdHNy74zcZ3tLUZoi5QNyVTaV4,whirLbMiicVdio4qvUfM5KAg6Ct8VwpYzGff3uctyCc,WSOL,So11111111111111111111111111111111111111112,1
3nQoN9qBuxJJKbzEugJTXLNHrcdK3ghmW6frqR6vy2rBMogdVFU6CZfFLrWnmDQPQCZXPpuiRTD9HnuWpZm8fbJB,2026-10-06,2026-10-06 12:22:47.000 UTC,453900436,5QsyByFVJcg7oN76Ma26KEDFQdHt1tsiVExK94zURzfd,BUY_XNET,13468.76503105,0,13468.76503105,22.402641409020003,whirlpool,JUP6LkbZbjS1jKKwapdHNy74zcZ3tLUZoi5QNyVTaV4,whirLbMiicVdio4qvUfM5KAg6Ct8VwpYzGff3uctyCc,WSOL,So11111111111111111111111111111111111111112,1
2mFPuB6QJNwu9jdps8q6TQM9C4iKZgkPpicDhcZpeiK5DVDDd5sK1mydSGG7VNzDV5g7VQL1bc8kqkZCaGVuyRbn,2026-10-06,2026-10-06 15:23:31.000 UTC,453940840,5QsyByFVJcg7oN76Ma26KEDFQdHt1tsiVExK94zURzfd,BUY_XNET,79881.53340472,0,79881.53340472,134.63338000000002,whirlpool,JUP6LkbZbjS1jKKwapdHNy74zcZ3tLUZoi5QNyVTaV4,whirLbMiicVdio4qvUfM5KAg6Ct8VwpYzGff3uctyCc,WSOL,So11111111111111111111111111111111111111112,1
5ddpLFoqLaBpphzGS5PBXZmKoe7QezgprQN5wrcJqdM1kdMJapaRgWGw3SAU2Em3bTrjDFSRDZ9QZBKLDYLV368B,2026-10-06,2026-10-06 15:36:38.000 UTC,453943748,5QsyByFVJcg7oN76Ma26KEDFQdHt1tsiVExK94zURzfd,BUY_XNET,13274.00636515,0,13274.00636515,22.40739459902,whirlpool,JUP6LkbZbjS1jKKwapdHNy74zcZ3tLUZoi5QNyVTaV4,whirLbMiicVdio4qvUfM5KAg6Ct8VwpYzGff3uctyCc,WSOL,So11111111111111111111111111111111111111112,1
4hUmVLQvdhhmpEWKRAxLujRCmjHHgvCWmUGXAGN7ayqZEoiKdCCkfm496ZYBpAyCojxfJ8eBrwoAV1JTsNvwymwY,2026-10-07,2026-10-07 10:40:19.000 UTC,454198847,5QsyByFVJcg7oN76Ma26KEDFQdHt1tsiVExK94zURzfd,BUY_XNET,94622.57183033,0,94622.57183033,134.41680664112,whirlpool,JUP6LkbZbjS1jKKwapdHNy74zcZ3tLUZoi5QNyVTaV4,whirLbMiicVdio4qvUfM5KAg6Ct8VwpYzGff3uctyCc,WSOL,So11111111111111111111111111111111111111112,1
Kv1fyT3at7CXfZPUx5Fsz4vVsDdCbKCcq5JskJx7ifQqJQxJEnntWRMKbA7dJWzktzrKsbjBfNEYyRnhmhXE95J,2026-10-07,2026-10-07 10:40:45.000 UTC,454198949,5QsyByFVJcg7oN76Ma26KEDFQdHt1tsiVExK94zURzfd,BUY_XNET,15359.28368107,0,15359.28368107,22.41687037848,whirlpool,JUP6LkbZbjS1jKKwapdHNy74zcZ3tLUZoi5QNyVTaV4,whirLbMiicVdio4qvUfM5KAg6Ct8VwpYzGff3uctyCc,WSOL,So11111111111111111111111111111111111111112,1
4pdS7GZgiM8E4ukUrQXEX56a8AqNzKgUDaKezRH9fTApGDBxLC9WuYyodZM6sCRusaJW6MXJFj2XhHmMjuG9BA6v,2026-10-07,2026-10-07 15:15:14.000 UTC,454260205,5QsyByFVJcg7oN76Ma26KEDFQdHt1tsiVExK94zURzfd,BUY_XNET,93927.86308897,0,93927.86308897,134.497790768,whirlpool,JUP6LkbZbjS1jKKwapdHNy74zcZ3tLUZoi5QNyVTaV4,whirLbMiicVdio4qvUfM5KAg6Ct8VwpYzGff3uctyCc,WSOL,So11111111111111111111111111111111111111112,1
51mPNXQK4BYQCvt72uqdc4XTRp32Cozx32vXq4FVMdaNhNU3WMxD53VY3ZKJqztLbavFisqJd2oNNyoYmEYG216j,2026-10-07,2026-10-07 15:15:42.000 UTC,454260309,5QsyByFVJcg7oN76Ma26KEDFQdHt1tsiVExK94zURzfd,BUY_XNET,15222.75390979,0,15222.75390979,22.41378686855,whirlpool,JUP6LkbZbjS1jKKwapdHNy74zcZ3tLUZoi5QNyVTaV4,whirLbMiicVdio4qvUfM5KAg6Ct8VwpYzGff3uctyCc,WSOL,So11111111111111111111111111111111111111112,1
4LWYVASJs4HZX2sMDbfRDMXhCDtqgKtJ1wxoYX1B2LJ8wnpSKosUA2YD6eo7GKdou6DVy6EJoVeUBhgtnS7p2ogd,2026-10-07,2026-10-07 19:18:21.000 UTC,454314320,5QsyByFVJcg7oN76Ma26KEDFQdHt1tsiVExK94zURzfd,BUY_XNET,91693.37376626,0,91693.37376626,134.142074676,whirlpool,JUP6LkbZbjS1jKKwapdHNy74zcZ3tLUZoi5QNyVTaV4,whirLbMiicVdio4qvUfM5KAg6Ct8VwpYzGff3uctyCc,WSOL,So11111111111111111111111111111111111111112,1
sqdRwNHJrkd8ooPdmGq3GydtZbdadhwiEx3mBdHqS5yPKm36a5YbBC445z8rAQzvPfSVNAYBqPRUPjwTXSfyxcR,2026-10-07,2026-10-07 19:32:47.000 UTC,454317541,5QsyByFVJcg7oN76Ma26KEDFQdHt1tsiVExK94zURzfd,BUY_XNET,15259.5475644,0,15259.5475644,22.417492478939998,whirlpool,JUP6LkbZbjS1jKKwapdHNy74zcZ3tLUZoi5QNyVTaV4,whirLbMiicVdio4qvUfM5KAg6Ct8VwpYzGff3uctyCc,WSOL,So11111111111111111111111111111111111111112,1
