snapshot_utc,fetched_at_utc,pair_address,dex_id,xnet_position,base_symbol,base_mint,quote_symbol,quote_mint,price_usd,price_native,liquidity_usd,liquidity_base,liquidity_quote,volume_m5_usd,volume_h1_usd,volume_h6_usd,volume_h24_usd,buys_m5,sells_m5,buys_h1,sells_h1,buys_h6,sells_h6,buys_h24,sells_h24,price_change_m5_pct,price_change_h1_pct,price_change_h6_pct,price_change_h24_pct,provider_fdv_usd,provider_market_cap_usd,pair_created_at_ms
2026-10-04T11:00:00Z,2026-10-04T11:02:55Z,2Q8tAc9nrQca3tE9KqhnVc9DiBsDPQyqY24rnbRVYv8E,orca,BASE,XNET,xNETbUB7cRb3AAu2pNG2pUwQcJ2BHcktfvSB8x1Pq6L,HNT,hntyVP6YFm1Hg25TN9WGLqM12b8TQmcknKrdu1oxWux,0.001635,0.003065,4.21,1226.4953,4.1416,0,0,0,0,0,0,0,0,0,2,1,2,,,5.31,5.31,2137726,665703,1762367964000
2026-10-04T11:00:00Z,2026-10-04T11:02:55Z,72qxM2baKJ6TK6K2ZkCfFwf6ggGtyPTky9RLZLV6uH9j,raydium,QUOTE,MOBILE,mb1eu7TzEc71KxDpsmsKoucSSuuoGLv1drys1oP2jh6,XNET,xNETbUB7cRb3AAu2pNG2pUwQcJ2BHcktfvSB8x1Pq6L,0.00007148,0.04487,2657.95,18590227,834234,0,0,20.87,99.67,0,0,0,0,0,6,2,14,,,-1.78,3.48,6451245,4471141,1724456000000
2026-10-04T11:00:00Z,2026-10-04T11:02:55Z,DPmR8DofSUdSrhcGwJmY4MLsAAYQrh55TK8CQuV9XBsM,raydium,BASE,XNET,xNETbUB7cRb3AAu2pNG2pUwQcJ2BHcktfvSB8x1Pq6L,SOL,So11111111111111111111111111111111111111112,0.001595,0.00001314,3866.57,1211758,15.9341,0,0,11.15,27.13,0,0,0,0,5,2,8,4,,,2.02,2.27,2085740,649514,1764198579000
2026-10-04T11:00:00Z,2026-10-04T11:02:55Z,J3cdRYTeQAnZUhYRcVpk9abqEuRWTrtxb5fUbgh2aADn,orca,BASE,XNET,xNETbUB7cRb3AAu2pNG2pUwQcJ2BHcktfvSB8x1Pq6L,SOL,So11111111111111111111111111111111111111112,0.001599,0.00001318,29123.1,9502038,114.8711,0,0,206.36,826.14,0,0,0,0,2,11,10,26,,,2.21,1.98,2090564,651017,1757018531000
2026-10-04T22:00:00Z,2026-10-04T22:05:01Z,2Q8tAc9nrQca3tE9KqhnVc9DiBsDPQyqY24rnbRVYv8E,orca,BASE,XNET,xNETbUB7cRb3AAu2pNG2pUwQcJ2BHcktfvSB8x1Pq6L,HNT,hntyVP6YFm1Hg25TN9WGLqM12b8TQmcknKrdu1oxWux,0.001630,0.002757,4.44,1300.08351,3.9333,0,0.01,0.15,0.15,0,0,1,0,1,5,1,7,,-3.18,-0.31,-0.62,2131193,663388,1762367964000
2026-10-04T22:00:00Z,2026-10-04T22:05:01Z,72qxM2baKJ6TK6K2ZkCfFwf6ggGtyPTky9RLZLV6uH9j,raydium,QUOTE,MOBILE,mb1eu7TzEc71KxDpsmsKoucSSuuoGLv1drys1oP2jh6,XNET,xNETbUB7cRb3AAu2pNG2pUwQcJ2BHcktfvSB8x1Pq6L,0.00008055,0.04917,2862.03,17763881,873489,0,31.71,145.5,214.74,0,0,0,16,61,16,65,23,,-4.98,14.5,11.14,7269736,5038409,1724456000000
2026-10-04T22:00:00Z,2026-10-04T22:05:01Z,DPmR8DofSUdSrhcGwJmY4MLsAAYQrh55TK8CQuV9XBsM,raydium,BASE,XNET,xNETbUB7cRb3AAu2pNG2pUwQcJ2BHcktfvSB8x1Pq6L,SOL,So11111111111111111111111111111111111111112,0.001643,0.00001353,3963.06,1206042,16.3196,0,3.62,29.11,109.39,0,0,0,2,15,2,27,5,,-0.32,2.26,3.89,2147923,668595,1764198579000
2026-10-04T22:00:00Z,2026-10-04T22:05:01Z,J3cdRYTeQAnZUhYRcVpk9abqEuRWTrtxb5fUbgh2aADn,orca,BASE,XNET,xNETbUB7cRb3AAu2pNG2pUwQcJ2BHcktfvSB8x1Pq6L,SOL,So11111111111111111111111111111111111111112,0.001636,0.00001349,28852.76,8998191,116.5056,0,77.6,916.17,1506.96,0,0,0,17,71,24,78,39,,-0.76,1.53,3.86,2139721,666042,1757018531000
2026-10-04T22:15:00Z,2026-10-04T22:23:19Z,2Q8tAc9nrQca3tE9KqhnVc9DiBsDPQyqY24rnbRVYv8E,orca,BASE,XNET,xNETbUB7cRb3AAu2pNG2pUwQcJ2BHcktfvSB8x1Pq6L,HNT,hntyVP6YFm1Hg25TN9WGLqM12b8TQmcknKrdu1oxWux,0.001630,0.002757,4.44,1300.08351,3.9333,0,0.01,0.15,0.15,0,0,1,0,1,5,1,7,,-3.18,-0.31,-0.62,2131193,663388,1762367964000
2026-10-04T22:15:00Z,2026-10-04T22:23:19Z,72qxM2baKJ6TK6K2ZkCfFwf6ggGtyPTky9RLZLV6uH9j,raydium,QUOTE,MOBILE,mb1eu7TzEc71KxDpsmsKoucSSuuoGLv1drys1oP2jh6,XNET,xNETbUB7cRb3AAu2pNG2pUwQcJ2BHcktfvSB8x1Pq6L,0.00008055,0.04917,2862.03,17763881,873489,0,23.04,145.5,214.74,0,0,0,13,61,16,65,23,,-3.62,14.5,11.14,7269736,5038409,1724456000000
2026-10-04T22:15:00Z,2026-10-04T22:23:19Z,DPmR8DofSUdSrhcGwJmY4MLsAAYQrh55TK8CQuV9XBsM,raydium,BASE,XNET,xNETbUB7cRb3AAu2pNG2pUwQcJ2BHcktfvSB8x1Pq6L,SOL,So11111111111111111111111111111111111111112,0.001643,0.00001353,3963.06,1206042,16.3196,0,1.75,29.11,109.39,0,0,0,1,15,2,27,5,,-0.22,2.26,3.89,2147923,668595,1764198579000
2026-10-04T22:15:00Z,2026-10-04T22:23:19Z,J3cdRYTeQAnZUhYRcVpk9abqEuRWTrtxb5fUbgh2aADn,orca,BASE,XNET,xNETbUB7cRb3AAu2pNG2pUwQcJ2BHcktfvSB8x1Pq6L,SOL,So11111111111111111111111111111111111111112,0.001636,0.00001349,28852.76,8998191,116.5056,0,68.94,906.17,1506.96,0,0,0,14,70,24,78,39,,-0.56,1.37,3.86,2139721,666042,1757018531000
2026-10-04T22:45:00Z,2026-10-04T22:59:14Z,2Q8tAc9nrQca3tE9KqhnVc9DiBsDPQyqY24rnbRVYv8E,orca,BASE,XNET,xNETbUB7cRb3AAu2pNG2pUwQcJ2BHcktfvSB8x1Pq6L,HNT,hntyVP6YFm1Hg25TN9WGLqM12b8TQmcknKrdu1oxWux,0.001630,0.002757,4.44,1300.08351,3.9333,0,0,0.15,0.15,0,0,0,0,1,5,1,7,,,-0.31,-0.62,2131193,663388,1762367964000
2026-10-04T22:45:00Z,2026-10-04T22:59:14Z,72qxM2baKJ6TK6K2ZkCfFwf6ggGtyPTky9RLZLV6uH9j,raydium,QUOTE,MOBILE,mb1eu7TzEc71KxDpsmsKoucSSuuoGLv1drys1oP2jh6,XNET,xNETbUB7cRb3AAu2pNG2pUwQcJ2BHcktfvSB8x1Pq6L,0.00007685,0.04672,2802.34,18230693,851764,34.97,53.12,196.24,267.87,4,2,4,3,62,19,69,26,-2.3,-4.59,8.34,6.03,6935845,4807001,1724456000000
2026-10-04T22:45:00Z,2026-10-04T22:59:14Z,DPmR8DofSUdSrhcGwJmY4MLsAAYQrh55TK8CQuV9XBsM,raydium,BASE,XNET,xNETbUB7cRb3AAu2pNG2pUwQcJ2BHcktfvSB8x1Pq6L,SOL,So11111111111111111111111111111111111111112,0.001645,0.00001352,3970.01,1206233,16.3173,11.04,11.04,28.17,120.44,1,1,1,1,11,3,28,6,0.16,0.16,0.83,4.05,2151348,669661,1764198579000
2026-10-04T22:45:00Z,2026-10-04T22:59:14Z,J3cdRYTeQAnZUhYRcVpk9abqEuRWTrtxb5fUbgh2aADn,orca,BASE,XNET,xNETbUB7cRb3AAu2pNG2pUwQcJ2BHcktfvSB8x1Pq6L,SOL,So11111111111111111111111111111111111111112,0.001645,0.00001352,28975.24,9019725,116.2153,23.91,42.11,446.21,1549.07,3,1,3,2,60,22,81,41,0.21,0.51,0.21,4.38,2150562,669416,1757018531000
