,Month,BFWD *,Sep 2024,Oct 2024,Nov 2024,Dec 2024,Jan 2025,Feb 2025,Mar 2025,Apr 2025,May 2025,Jun 2025,Jul 2025,Aug 2025,Sep 2025,Oct 2025,Nov 2025,Dec 2025,Jan 2026,Feb 2026,Mar 2026,Apr 2026,May 2026,Jun 2026,Jul 2026,Aug 2026,Sep 2026,Oct 2026,Nov 2026,Dec 2026
XNET Inc.,GB per month,"  4,875 ","  6,438 ","  6,407 ","  7,968 ","  10,852 ","  13,969 ","  17,042 ","  21,180 ","  25,393 ","  23,335 ","  24,668 ","  43,381 ","  37,475 ","  53,716 ","  74,733 ","  50,291 ","  78,654 ","  71,773 ","  89,560 ","  121,921 ","  154,963 ","  197,495 ","  196,248 ","  201,753 ","  199,733 ","  179,295 ",,,
,WiFi Revenue (Projected),"$1,167.58",$643.80,$640.69,$796.80,"$1,085.16","$1,396.92","$1,704.18","$2,118.10","$2,539.17","$2,333.24","$2,466.38","$4,337.78","$3,747.07","$5,370.97","$7,472.60","$5,028.81","$7,865.43","$9,707.31","$11,915.76","$14,957.00","$24,248.53","$32,758.38","$32,314.15","$33,688.91","$32,643.19","$29,270.35",,,
,Blended Rate per GB  (Projected),,$0.100,$0.100,$0.100,$0.100,$0.100,$0.100,$0.100,$0.100,$0.100,$0.100,$0.100,$0.100,$0.100,$0.100,$0.100,$0.100,$0.135,$0.133,$0.123,$0.156,$0.166,$0.165,$0.167,$0.163,$0.163,,,
,WiFi Payment (Received),"$1,167.60",,,,,"$2,081.29","$1,085.16","$1,396.92","$1,704.18","$2,118.10","$2,539.17","$2,333.24",$0.01,"$6,804.16","$3,747.07","$5,370.97","$7,472.60","$5,028.81","$7,865.43","$9,707.31","$11,915.76","$14,957.00","$15,000.00","$15,000.00","$15,000.00","$33,688.91",,,
,WiFi Payment Date,,,,,,"Jan 06, 25","Feb 20, 25","Mar 25, 25","Apr 21, 25","May 20, 25","Jun 25, 25","Jul 22, 25",,"Sep 30, 25","Oct 24, 25","Nov 30, 25","Dec 31, 25","Jan 22, 26","Feb 24, 26","Mar 20, 26","Apr 21, 26","May 27, 26","Jun 26, 26","Jul 24, 26","Aug 21, 26","Sep 25, 26",,,
,Payment Sent to Foundation,$934.08,,,,,"$1,665.03",,"$1,985.00","$1,364.01",,,"$3,726.04",,"$7,315.06","$3,126.42",,"$4,300.09",,"$6,000.00",,"$10,962.03","$11,899.00",,"$12,000.00","$8,991.00",,"$23,985.00",,
,Payment Sent to Fiat Operators,,,,,,,,,,,,,,,,,,,,,,,,,,,"$1,108.18",,
,Balance Due to Foundation,$0.00,$0.00,$0.00,$0.00,$0.00,$0.00,$868.13,$0.66,$0.00,"$1,694.48","$3,725.81","$1,866.36","$1,866.37",-$5.36,-$134.13,"$4,162.65","$5,840.64","$9,863.69","$10,156.03","$17,921.88","$16,492.46","$16,559.06","$28,559.06","$28,559.06","$31,568.06","$58,519.19","$33,426.01","$33,426.01","$33,426.01"
,,,,,,,,,,,,,,,,,,,,,,,,,,,,,,
XNET Foundation,Due from XNET Inc,$0.00,$0.00,$0.00,$0.00,$0.00,$0.00,$868.13,$0.66,$0.00,"$1,694.48","$3,725.81","$1,866.36","$1,866.37",-$5.36,-$134.13,"$4,162.65","$5,840.64","$9,863.69","$10,156.03","$17,921.88","$16,492.46","$16,559.06","$28,559.06","$28,559.06","$31,568.06","$58,519.19","$33,426.01","$33,426.01","$33,426.01"
,Total Emitted Tokens,,,,,,"  5,535,714 ","  5,000,000 ","  5,535,714 ","  5,357,143 ","  5,535,714 ","  5,357,143 ","  5,535,714 ","  5,535,714 ","  5,357,143 ","  5,535,714 ","  5,357,143 ","  5,535,714 ","  5,535,714 ","  5,000,000 ","  5,535,714 ","  5,357,143 ","  5,535,714 ","  5,357,143 ","  5,535,714 ","  5,535,714 ","  5,357,143 ","  5,535,714 ","  5,357,143 ","  5,535,714 "
,Token Clearing Price,,,,,,$0.0002,$0.0003,$0.0003,$0.0004,$0.0003,$0.0004,$0.0006,$0.0005,$0.0008,$0.0011,$0.0008,$0.0011,$0.0014,$0.0019,$0.0022,$0.0036,$0.0047,$0.0048,$0.0049,$0.0047,$0.0044,,,
,Projected Buy & Burn,$934.08,,,,,,"$1,665.03",$868.13,"$1,117.54","$1,363.34","$1,694.48","$2,031.34","$1,866.59",$0.01,"$5,443.33","$2,997.66","$4,296.78","$5,978.08","$4,023.05","$6,292.34","$7,765.85","$9,532.61","$11,965.60","$12,000.00","$12,000.00","$12,000.00","$26,951.13",,
,Transferred to Buy & Burn,$934.08,,,,,"$1,665.03",,"$1,985.00","$1,364.01",,,"$3,726.04",,"$7,315.06","$3,126.42",,"$4,300.09",,"$6,000.00",,"$10,962.03","$11,899.00",,"$12,000.00","$8,991.00",,"$23,985.00",,
,Transferred to Fiat Operators,,,,,,,,,,,,,,,,,,,,,,,,,,,"$1,108.18",,
,Balance Due to Buy/Burn ,$0.00,$0.00,$0.00,$0.00,$0.00,"-$1,665.03",$0.00,"-$1,116.87","-$1,363.35",$0.00,"$1,694.48",-$0.23,"$1,866.36","-$5,448.69","-$3,131.78",-$134.13,-$137.44,"$5,840.64","$3,863.69","$10,156.03","$6,959.85","$4,593.46","$16,559.06","$16,559.06","$19,568.06","$31,568.06","$33,426.01","$33,426.01","$33,426.01"
,,,,,,,,,,,,,,,,,,,,,,,,,,,,,,
XNET Burn Wallets,6UE1gdvgFPbu8REp5YWKRkC5CZiXgwd7iEfTAqwbzUqV,,,,,,,,,,,,,,,,,,,,,,,,,,,,,
,https://solscan.io/account/B9SXSuPwpzmYUgk1GRfuW9R9QDMJ6P9SfTybSoawHiLj,,,,,,,,,,,,,,,,,,,,,,,,,,,,,
,5QsyByFVJcg7oN76Ma26KEDFQdHt1tsiVExK94zURzfd,,,,,,,,,,,,,,,,,,,,,,,,,,,,,
,,,,,,,,,,,,,,,,,,,,,,,,,,,,,,
* Brought-forward from previous burns of tokens on Polygon (bridged 1:1),,,,,,,,,,,,,,,,,,,,,,,,,,,,,,